Phase,Step,Site Name,URL,Category,Link Type,Priority,Status,Target Date,Anchor Text Idea,Notes,DA/DR,Done Date
فاز ۱: پایه‌های حیاتی (هفته ۱-۲),1,Google Business Profile,business.google.com,Local Directory,Nofollow,⭐⭐⭐⭐⭐ Critical,Pending,,سنوبر / فروشگاه تشک و مبلمان اصفهان,آدرس دقیق اصفهان + عکس‌های واقعی шоу‌روم + ساعات کاری + دسته‌بندی "فروشگاه مبلمان",100,
فاز ۱: پایه‌های حیاتی (هفته ۱-۲),2,Bing Places,bingplaces.com,Local Directory,Nofollow,⭐⭐⭐⭐ High,Pending,,سنوبر / خرید تشک طبی اصفهان,همگام‌سازی با گوگل بیزنس + تصاویر محصول,93,
فاز ۱: پایه‌های حیاتی (هفته ۱-۲),3,دیوار (Divar),divar.ir,Local Directory,Dofollow (profile),⭐⭐⭐⭐⭐ Critical,Pending,,فروشگاه تشک و مبلمان سنوبر / خرید تشک طبی,اکانت کسب‌وکار + آگهی در "مبلمان و دکوراسیون" + لینک در پروفایل,85+,
فاز ۱: پایه‌های حیاتی (هفته ۱-۲),4,شیپور (Sheypoor),sheypoor.com,Local Directory,Dofollow (profile),⭐⭐⭐⭐ High,Pending,,سنوبر / تشک طبی فنری اصفهان,پنل کسب‌وکار + آگهی + تکمیل پروفایل با لینک,80+,
فاز ۱: پایه‌های حیاتی (هفته ۱-۲),5,دکورنما (Decornama),decornama.com,Specialized Decor Dir,Dofollow,⭐⭐⭐⭐⭐ Critical,Pending,,سنوبر / دکوراسیون داخلی و مبلمان اصفهان,ثبت در دسته "دکوراسیون داخلی/مبلمان/سرویس خواب" + لینک مستقیم,50-60,
فاز ۱: پایه‌های حیاتی (هفته ۱-۲),6,بهترینو (Behtarino),behtarino.com,Specialized Decor Dir,Dofollow,⭐⭐⭐⭐⭐ Critical,Pending,,فروشگاه مبلمان سنوبر اصفهان,صفحه اختصاصی فروشگاه + لینک + عکس + لوکیشن,50-60,
فاز ۱: پایه‌های حیاتی (هفته ۱-۲),7,کمانش (Kamanesh),kamanesh.com,Specialized Decor Dir,Dofollow,⭐⭐⭐⭐ High,Pending,,سنوبر / مبلمان و چشمه,پروفایل برند + آگهی رایگان,40-50,
فاز ۱: پایه‌های حیاتی (هفته ۱-۲),8,دکوراتی‌ها (Decoratiha),decoratiha.ir,Specialized Decor Dir,Dofollow,⭐⭐⭐⭐ High,Pending,,دکوراسیون داخلی سنوبر اصفهان,آگهی رایگان در دسته مرتبط + لینک,40-50,
فاز ۱: پایه‌های حیاتی (هفته ۱-۲),9,لینکدین (LinkedIn),linkedin.com,Profile Creation,Nofollow,⭐⭐⭐⭐⭐ Critical,Pending,,سنوبر / شرکت مبلمان و چشمه,Company Page کامل + پست هفتگی دکوراسیون + لینک در About,99,
فاز ۱: پایه‌های حیاتی (هفته ۱-۲),10,پینترست (Pinterest),pinterest.com,Profile/Visual,Dofollow,⭐⭐⭐⭐⭐ Critical,Pending,,دکوراسیون اتاق خواب / ایده چیدمان مبلمان / سرویس خواب,اکانت بیزنس + Claim سایت + ۱۰ بورد + پین عکس‌های محصول با لینک,94,
فاز ۱: پایه‌های حیاتی (هفته ۱-۲),11,اینستاگرام (Instagram),instagram.com,Profile/Visual,Nofollow,⭐⭐⭐⭐⭐ Critical,Pending,,سنوبر / خرید آنلاین تشک و مبلمان,پروفایل بیزنس + بایو با لینک + هایلایت‌ها + Reels روزانه,94,
فاز ۱: پایه‌های حیاتی (هفته ۱-۲),12,آپارات (Aparat),aparat.com,Profile/Video,Dofollow,⭐⭐⭐⭐ High,Pending,,نحوه انتخاب تشک طبی / تور شیروم سنوبر,کانال برند + ویدیوهای آموزشی + لینک در توضیحات,81,
فاز ۲: محتوایی و برندینگ (ماه ۱-۲),13,ویرگول (Virgool),virgool.io,Guest Post/Article,Dofollow,⭐⭐⭐⭐ High,Pending,"راهنمای خرید تشک طبی"، "تفاوت تشک فنری و طبی"، "سایزهای استاندارد سرویس خواب",۳-۴ مقاله تخصصی + لینک در بایو و متن طبیعی,47,
فاز ۲: محتوایی و برندینگ (ماه ۱-۲),14,مداد (Medad),medad.io,Guest Post/Article,Dofollow,⭐⭐⭐ Medium,Pending,مقالات دکوراسیون و خواب,وبلاگ‌نویسی رایگان + لینک در پروفایل و متن,29,
فاز ۲: محتوایی و برندینگ (ماه ۱-۲),15,بلاگر (Blogger),blogger.com,Web 2.0 / Blog,Dofollow,⭐⭐⭐⭐ High,Pending,وبلاگ 틈ه‌ای "دکوراسیون و خواب" + لینک‌های متن‌بافته,زیردامنه اختصاصی + کنترل کامل روی لینک‌ها,92,
فاز ۲: محتوایی و برندینگ (ماه ۱-۲),16,وردپرس.کام (WordPress.com),wordpress.com,Web 2.0 / Blog,Dofollow,⭐⭐⭐⭐ High,Pending,وبلاگ 틈ه‌ای مشابه بالا,مشابه بلاگر + اعتبار بالا,94,
فاز ۲: محتوایی و برندینگ (ماه ۱-۲),17,میدیم (Medium),medium.com,Web 2.0 / Blog,Nofollow,⭐⭐⭐⭐ High,Pending,مقالات انگلیسی/فارسی باکیفیت,لینک در بایو و پروفایل نویسنده (برندینگ),95,
فاز ۲: محتوایی و برندینگ (ماه ۱-۲),18,اسلایدشر (SlideShare),slideshare.net,Document Sharing,Nofollow,⭐⭐⭐⭐ High,Pending,"کاتالوگ تشک‌های طبی"، "راهنمای سایز سرویس خواب",آپلود PDF + عنوان/توضیحات با لینک,95,
فاز ۲: محتوایی و برندینگ (ماه ۱-۲),19,اسکریبد (Scribd),scribd.com,Document Sharing,Dofollow,⭐⭐⭐ High,Pending,مشابه اسلایدشر,آپلود سند + لینک در توضیحات,94,
فاز ۲: محتوایی و برندینگ (ماه ۱-۲),20,ایسیو (Issuu),issuu.com,Document Sharing,Dofollow,⭐⭐⭐ High,Pending,کاتالوگ تعاملی (Flipbook),فلیپ‌بوک حرفه‌ای + لینک,95,
فاز ۲: محتوایی و برندینگ (ماه ۱-۲),21,یوتیوب (YouTube),youtube.com,Video Sharing,Nofollow,⭐⭐⭐⭐⭐ Critical,Pending,"سنوبر - راهنمای خرید تشک و مبلمان"، ویدیوهای آموزشی/تور شیروم/نظرات مشتری,کانال برند + آپلود هفتگی + لینک در توضیحات/کارت‌ها/End screens,100,
فاز ۳: پیشرفته و مقیاس‌دهی (ماه ۲-۶),22,ریپکس (RepEx),repex.ir,Guest Post Exchange,Dofollow,⭐⭐⭐⭐⭐ Critical,Pending,تبادل رپورتاژ با ۵-۱۰ سایت دکوراسیون/مبلمان,لینک متن‌بافته (Contextual) در مقاله تبادل شده,50-60,
فاز ۳: پیشرفته و مقیاس‌دهی (ماه ۲-۶),23,کوورا (Quora),quora.com,Forum/Q&A,Nofollow,⭐⭐⭐⭐ High,Pending,"بهترین تشک برای درد کمر"، "سایز استاندارد سرویس خواب"، "تشک طبی یا فنری؟",پاسخ ۲ در هفته + لینک در بایو پروفایل,93,
فاز ۳: پیشرفته و مقیاس‌دهی (ماه ۲-۶),24,رددیت (Reddit),reddit.com,Social Bookmarking,Nofollow,⭐⭐⭐⭐ Medium,Pending,r/InteriorDesign, r/HomeDecorating, r/Furniture,مشارکت واقعی + پست گاه‌به‌گاه + لینک فقط در پروفایل,99,
فاز ۳: پیشرفته و مقیاس‌دهی (ماه ۲-۶),25,تالارهای دکوراسیون ایرانی,various,Specialized Forum,Dofollow,⭐⭐⭐ Medium,Pending,پاسخ به سوالات دکوراسیون/مبلمان,جستجوی "تالار دکوراسیون داخلی" → ثبت نام → مشارکت واقعی + لینک در امضا,60-80,
فاز ۳: پیشرفته و مقیاس‌دهی (ماه ۲-۶),26,دانشگاه‌های ایرانی (.ac.ir),site:ac.ir decor,Edu/Gov,Dofollow,⭐⭐⭐⭐ High,Pending,مقالات/پروژه‌های معماری داخلی,تماس با دانشکده معماری اصفهان/تهران/علم‌وصنعت → لینک در صفحات پروژه/اساتید,60-90,
فاز ۳: پیشرفته و مقیاس‌دهی (ماه ۲-۶),27,Broken Link Building (Ahrefs),ahrefs.com/webmaster-tools,Advanced Strategy,Dofollow,⭐⭐⭐⭐ High,Pending,جایگزینی لینک‌های شکسته رقبا (mobli.ir, sofeh.ir, divan.ir),Ahrefs Webmaster Tools (رایگان) → Site Explorer → رقیب → Broken Links → Outreach,-,,
مدیریت و ردیابی مداوم,28,Google Search Console,search.google.com/search-console,Monitoring Tool,-,⭐⭐⭐⭐⭐ Critical,Pending,هفتگی: چک اندیس، بک‌لینک‌ها، خطاهای کرال,رایگان - ثبت سایت و ارسال نقشه سایت,-,,
مدیریت و ردیابی مداوم,29,Ahrefs Webmaster Tools,ahrefs.com/webmaster-tools,Monitoring Tool,-,⭐⭐⭐⭐ High,Pending,هفتگی: پروفایل بک‌لینک خود و رقبا، کلمات کلیدی,رایگان (محدود),-,,
مدیریت و ردیابی مداوم,30,Ubersuggest/Moz,ubersuggest.io / moz.com/link-explorer,Monitoring Tool,-,⭐⭐⭐⭐ High,Pending,ماهانه: چک DA، Spam Score (<۳۰٪)، کلمات کلیدی,رایگان (محدود),-,,
مدیریت و ردیابی مداوم,31,فایل اکسل ردیابی,local file,Tracking,-,⭐⭐⭐⭐⭐ Critical,Pending,روزهانه: سایت، URL، DA، تاریخ، انکر، نوع، وضعیت,این فایل CSV را در گوگل شیت/اکسل باز کنید و به روز نگه دارید,-,,