Category,Site Name,URL,Estimated DA/DR,Link Type,Priority for Senoobar,Notes,How to Get Backlink
Local Business Directory (Local SEO),Google Business Profile,business.google.com,100,Nofollow,⭐⭐⭐⭐⭐ Critical,Register with exact Isfahan address, real showroom photos, hours, category "فروشگاه مبلمان/چشمه/سرویس خواب",Sign up at business.google.com → Add business → Verify by postcard/phone → Complete profile 100%
Local Business Directory (Local SEO),Bing Places,bingplaces.com,93,Nofollow,⭐⭐⭐⭐ High,Sync with Google Business Profile, import photos,Go to bingplaces.com → Sign in with Microsoft → Import from Google or add manually → Verify
Local Business Directory (Local SEO),دیوار (Divar),divar.ir,85+,Dofollow in profile,⭐⭐⭐⭐⭐ Critical + Traffic,Post free ad in "مبلمان و دکوراسیون", complete business profile with website link,Register at divar.ir → Business account → Post ad → Add website in profile settings
Local Business Directory (Local SEO),شیپور (Sheypoor),sheypoor.com,80+,Dofollow in profile,⭐⭐⭐⭐ High,Similar to Divar, active in Isfahan,Register at sheypoor.com → Business panel → Post ad → Complete profile with website
Specialized Decor/Furniture Directory,دکورنما (Decornama),decornama.com,50-60,Dofollow,⭐⭐⭐⭐⭐ Highly Relevant,Free ad in "دکوراسیون داخلی/مبلمان/سرویس خواب", direct link in profile,Go to decornama.com → Register → Add business → Category: دکوراسیون داخلی → Add website link
Specialized Decor/Furniture Directory,بهترینو (Behtarino),behtarino.com,50-60,Dofollow,⭐⭐⭐⭐⭐ Highly Relevant,Free furniture store listing, professional page with website link,Go to behtarino.com → Register store → Complete profile → Add website, photos, location
Specialized Decor/Furniture Directory,کمانش (Kamanesh),kamanesh.com,40-50,Dofollow,⭐⭐⭐⭐ Good,Free ad for materials/furniture, brand profile,Go to kamanesh.com → Register → Post ad → Complete brand profile with website
Specialized Decor/Furniture Directory,دکوراتی‌ها (Decoratiha),decoratiha.ir,40-50,Dofollow,⭐⭐⭐⭐ Good,Free ad for interior decoration,Go to decoratiha.ir → Register → Post ad in relevant category → Add website
Specialized Decor/Furniture Directory,۱۰۰ نما (100nama),100nama.com,40-50,Dofollow,⭐⭐⭐ Medium,Category: "طراحی و دکوراسیون منزل",Go to 100nama.com → Register → Post service ad → Add website link
Specialized Decor/Furniture Directory,صنعت ساختمان (Sanatsakhteman),sanatsakhteman.com,40-50,Dofollow,⭐⭐⭐ Medium,Free ad for construction materials/furniture,Go to sanatsakhteman.com → Register → Post ad → Add website
Specialized Decor/Furniture Directory,ساختمون (Sakhtemoon),sakhtemoon.com,40-50,Dofollow,⭐⭐⭐ Medium,Free ad for construction materials/services,Go to sakhtemoon.com → Register → Post ad → Add website
Guest Post / Article Platform,ریپکس (RepEx),repex.ir,50-60,Dofollow,⭐⭐⭐⭐⭐ Very Powerful,Free reportage exchange with decor/furniture sites, contextual links in articles,Register at repex.ir → Add your site → Submit articles → Exchange with relevant sites
Guest Post / Article Platform,ویرگول (Virgool),virgool.io,47,Dofollow in profile/article,⭐⭐⭐⭐ High,Publish expert articles: "راهنمای خرید تشک طبی", "دکوراسیون اتاق خواب", link in bio/content,Register at virgool.io → Write SEO articles → Add link in bio and naturally in content
Guest Post / Article Platform,مداد (Medad),medad.io,29,Dofollow,⭐⭐⭐ Medium,Free blogging, link in profile and content,Register at medad.io → Create blog → Write decor/sleep articles → Link to senoobar.ir
Web 2.0 / Blog Platform,بلاگفا (Blogfa),blogfa.com,54,Dofollow,⭐⭐⭐ Good,Create niche blog "دکوراسیون و خواب", links in sidebar/content,Register at blogfa.com → Create blog → Publish 5+ articles → Add sidebar/footer links
Web 2.0 / Blog Platform,بلاگ اسکای (Blogsky),blogsky.com,58,Dofollow,⭐⭐⭐ Good,Similar to Blogfa,Register at blogsky.com → Create blog → Publish content → Add links
Web 2.0 / Blog Platform,لکس‌بلاگ (Loxblog),loxblog.com,53,Dofollow,⭐⭐⭐ Good,Similar to Blogfa,Register at loxblog.com → Create blog → Publish content → Add links
Web 2.0 / Blog Platform,میدیم (Medium),medium.com,95,Nofollow,⭐⭐⭐⭐ High Traffic/Branding,Publish high-quality articles in English/Persian, link in bio and author profile,Register at medium.com → Write articles → Add link in bio and "About" section
Web 2.0 / Blog Platform,بلاگر (Blogger),blogger.com,92,Dofollow,⭐⭐⭐⭐ High Control,Create topical blog with subdomain, full control over links,Go to blogger.com → Create blog → Customize → Add links in posts/sidebar/footer
Web 2.0 / Blog Platform,وردپرس.کام (WordPress.com),wordpress.com,94,Dofollow,⭐⭐⭐⭐ High Authority,Similar to Blogger, trusted platform,Go to wordpress.com → Create site → Publish content → Add contextual links
Profile Creation,لینکدین (LinkedIn),linkedin.com,99,Nofollow,⭐⭐⭐⭐⭐ B2B Branding,Complete company page, regular decor posts, link in About and posts,Go to linkedin.com → Create Company Page → Complete 100% → Post weekly decor content
Profile Creation,گیت‌هاب (GitHub),github.com,96,Dofollow,⭐⭐⭐ Technical/Dev,If WooCommerce/custom code exists, README with link,Create github.com/org → Add README.md with senoobar.ir link
Profile Creation,گراواتار (Gravatar),gravatar.com,95,Dofollow,⭐⭐⭐ Easy,Brand profile with site email, appears in WP comments,Go to gravatar.com → Register with site email → Complete profile → Add website
Profile Creation,چندین (About.me),about.me,92,Dofollow,⭐⭐⭐ Simple,Digital business card for brand,Go to about.me → Create page → Add brand info and website link
Profile Creation / Visual,پینترست (Pinterest),pinterest.com,94,Dofollow,⭐⭐⭐⭐⭐ Visual/Traffic,Boards: "دکوراسیون اتاق خواب", "ایده چیدمان مبلمان", "سرویس‌های خواب لوکس", product images with links,Go to pinterest.com/business → Create business account → Claim website → Create boards → Pin product/lifestyle images with links
Profile Creation / Visual,اینستاگرام (Instagram),instagram.com,94,Nofollow,⭐⭐⭐⭐⭐ Traffic/Brand,Business profile, link in bio, Highlights, Reels for decor,Go to instagram.com → Switch to Business → Complete bio with link → Post Reels/Stories daily
Profile Creation / Video,اپارات (Aparat),aparat.com,81,Dofollow,⭐⭐⭐⭐ Video,Upload: "نحوه انتخاب تشک", "تور ویژوال шоу‌روم", link in description,Go to aparat.com → Register → Create channel → Upload videos → Add link in description/profile
Social Bookmarking,ردیت (Reddit),reddit.com,99,Nofollow,⭐⭐⭐⭐ Targeted Traffic,Subreddits: r/InteriorDesign, r/HomeDecorating, r/Furniture - genuine participation, link in profile,Join relevant subreddits → Comment helpfully → Post valuable content occasionally → Link in profile only
Social Bookmarking,دیگ (Digg),digg.com,99,Dofollow,⭐⭐⭐ Medium,Submit quality content,Submit your best articles to digg.com
Social Bookmarking,میکس (Mix),mix.com,88,Dofollow,⭐⭐⭐ Medium,Save and share your own articles,Create mix.com account → Add your articles to collections
Social Bookmarking,اسکوپ‌ات (Scoop.it),scoop.it,92,Dofollow,⭐⭐⭐ Medium,Curate decor content,Create topic page → Curate content → Add your articles
Document Sharing,اسلایدشر (SlideShare),slideshare.net,95,Nofollow,⭐⭐⭐⭐ High Authority,Upload PDFs: "کاتالوگ تشک‌های طبی", "راهنمای سایز سرویس خواب", link in description,Go to slideshare.net → Register → Upload PDF → Add title, description with link
Document Sharing,اسکریبد (Scribd),scribd.com,94,Dofollow,⭐⭐⭐ High Authority,Similar to SlideShare,Go to scribd.com → Register → Upload documents → Add links in description
Document Sharing,ایسیو (Issuu),issuu.com,95,Dofollow,⭐⭐⭐ High Authority,Interactive flipbook catalogs,Go to issuu.com → Register → Upload PDF → Publish as flipbook → Add link
Video Sharing,یوتیوب (YouTube),youtube.com,100,Nofollow,⭐⭐⭐⭐⭐ High Traffic,Channel: "سنوبر - راهنمای خرید تشک و مبلمان", educational videos, link in description/cards,Create YouTube channel → Brand it → Upload weekly videos → Add links in description, end screens, cards
Video Sharing,ویمئو (Vimeo),vimeo.com,96,Dofollow,⭐⭐⭐ Professional Video,High-quality product videos,Go to vimeo.com → Create account → Upload professional videos → Add links
Forum / Q&A,کوورا (Quora),quora.com,93,Nofollow,⭐⭐⭐⭐ Traffic/Brand,Answer: "بهترین تشک برای درد کمر", "سایز استاندارد سرویس خواب", link in profile,Go to quora.com → Create profile → Answer relevant questions weekly → Link in profile bio
Forum / Q&A,جوباکو (Javabkoo),javabkoo.com,9,Dofollow,⭐⭐ Persian/Local,Persian Q&A, link in signature/profile,Register at javabkoo.com → Answer decor/furniture questions → Add link in signature
Forum / Specialized,تالارهای تخصصی دکوراسیون (Iran),various,60-80,Dofollow,⭐⭐⭐ Niche,Find active Persian decor forums (e.g., pars-tools, baryan),Search Google: "تالار دکوراسیون داخلی" → Register → Participate genuinely → Add link in signature
Edu / Gov (High Authority),دانشگاه‌های ایرانی (.ac.ir),site:ac.ir decor,60-90,Dofollow,⭐⭐⭐⭐ Very High Authority,Submit student projects/articles to architecture depts (Isfahan, Tehran, Sharif),Contact architecture faculty → Offer student project showcase → Get link on project/faculty pages
Broken Link Building (Advanced),Ahrefs/SEMrush/Ubersuggest,tools,-,Dofollow,⭐⭐⭐⭐ Advanced Strategy,Find broken links on competitors (mobli.ir, sofeh.ir, divan.ir), suggest your content,Use Ahrefs Webmaster Tools (free) → Site Explorer → Competitor → Broken Links → Outreach